Root Catalog,1,Root Catalog,1
Default Category,2,Default Category,2
Agriculture,3,Agriculture,3
Cleaning,4,Cleaning,4
Food Service,5,Food Service,5
Material Handling,6,Material Handling,6
Safety,7,Safety,7
Waste,8,Waste,8
Big Wheel & Tractor Carts,9,Big Wheel & Tractor Carts,9
Stock Tanks,10,Stock Tanks,10
"Brooms, Brushes & Dusters",11,"Brooms, Brushes & Dusters",11
Brooms,12,Brooms,12
Handles,13,Handles,13
Brushes,14,Brushes,14
Dust Pans,15,Dust Pans,15
Dusters,16,Dusters,16
Caddies,17,Caddies,17
Microfiber Cloths,18,Microfiber Cloths,18
Floor & Carpet Care,19,Floor & Carpet Care,24
Carpet Bonnets,20,Carpet Bonnets,25
Sweepers,21,Sweepers,26
Vacuum  Accessories,22,Vacuum  Accessories,27
Vacuums,23,Vacuums,28
Laundry Products,24,Laundry Products,29
Hamper & Laundry Bags,25,Hamper & Laundry Bags,30
Mops & Equipment,26,Mops & Equipment,31
Buckets & Wringers,27,Buckets & Wringers,32
Finish Mops & Applicators,28,Finish Mops & Applicators,33
Floor Dusters & Accessories,29,Floor Dusters & Accessories,34
Mop Handles,30,Mop Handles,35
Mop Heads,31,Mop Heads,36
Mops,32,Mops,37
Odor Control,33,Odor Control,38
Personal Hygiene Products,34,Personal Hygiene Products,39
Feminine Care Dispenser Liners,35,Feminine Care Dispenser Liners,40
Feminine Care Dispensers & Receptacles,36,Feminine Care Dispensers & Receptacles,41
Restroom Cleaners & Accessories,37,Restroom Cleaners & Accessories,42
Storage Containers,38,Storage Containers,43
Beverages & Beverage Dispensers,39,Beverages & Beverage Dispensers,44
Beverage Dispensers,40,Beverage Dispensers,45
Breakroom Supplies,41,Breakroom Supplies,46
Condiment Organizers,42,Condiment Organizers,47
Decanters & Pitchers,43,Decanters & Pitchers,48
High Chairs,44,High Chairs,49
Ingredient Bins,45,Ingredient Bins,50
Kitchen Supplies,46,Kitchen Supplies,51
Cold & Hot Food Pans,47,Cold & Hot Food Pans,52
Cooking & Serving Utensils,48,Cooking & Serving Utensils,53
Food Storage Containers & Lids,49,Food Storage Containers & Lids,54
Ice Containers,50,Ice Containers,55
Measuring Cups ,51,Measuring Cups ,56
Racks & Carts,52,Racks & Carts,57
Scoops,53,Scoops,58
Towels & Wipes,54,Towels & Wipes,59
Pizza Supplies,55,Pizza Supplies,60
Warewashing,56,Warewashing,61
Bus & Utility Boxes & Covers,57,Bus & Utility Boxes & Covers,62
"Dish, Flatware, Glass Racks & Dollies",58,"Dish, Flatware, Glass Racks & Dollies",63
Audio-Visual Carts,59,Audio-Visual Carts,64
Cart Accessories,60,Cart Accessories,65
Cube Trucks,61,Cube Trucks,66
Housekeeping Carts,62,Housekeeping Carts,67
Janitor Carts,63,Janitor Carts,68
Platform Trucks,64,Platform Trucks,69
Service Carts ,65,Service Carts ,70
Tilt Trucks,66,Tilt Trucks,71
Tractor & Big Wheel Carts,67,Tractor & Big Wheel Carts,72
TradeMaster Carts,68,TradeMaster Carts,73
Triple Trolley Carts,69,Triple Trolley Carts,74
Utility Carts,70,Utility Carts,75
Baby Changing Stations,71,Baby Changing Stations,76
Matting,72,Matting,77
Indoor 39,73,Indoor 39,78
Safety Signs,74,Safety Signs,79
Pads,75,Pads,80
Dollies,76,Dollies,81
Indoor Waste Receptacles,77,Indoor Waste Receptacles,82
Brute Containers,78,Brute Containers,83
Confidential Document Containers,79,Confidential Document Containers,84
Medical Waste ,80,Medical Waste ,85
Metal Receptacles,81,Metal Receptacles,86
Slim Jim Containers,82,Slim Jim Containers,87
Step-on Containers,83,Step-on Containers,88
Waste Receptacles,84,Waste Receptacles,89
Wastebaskets,85,Wastebaskets,90
Labels,86,Labels,91
Outdoor Waste Receptacles,87,Outdoor Waste Receptacles,92
Brute Containers,88,Brute Containers,93
Landmark,89,Landmark,94
Livestock Tanks,90,Livestock Tanks,95
Metal Receptacles,91,Metal Receptacles,96
Plaza Containers,92,Plaza Containers,97
Ranger Containers,93,Ranger Containers,98
Waste Receptacles,94,Waste Receptacles,99
Recycling Containers,95,Recycling Containers,100
Rigid Liners,96,Rigid Liners,101
Smoking Receptacles,97,Smoking Receptacles,102
Trash Bags,98,Trash Bags,103
Can Liners,99,Can Liners,104
Waste Receptacle Accessories,100,Waste Receptacle Accessories,105
Waste Receptacles Lids,101,Waste Receptacles Lids,106
"Microfiber Mops, Pads & Handles",102,"Microfiber Mops, Pads & Handles",107
Accessories,103,Accessories,108
Pizza Supplies,104,Pizza Supplies,111
Storage Sheds,105,Storage Sheds,113
