Root Catalog,1
Default Category,2
Agriculture,3
Cleaning,4
Food Service,5
Material Handling,6
Safety,7
Waste,8
Big Wheel & Tractor Carts,9
Stock Tanks,10
"Brooms, Brushes & Dusters",11
Brooms,12
Handles,13
Brushes,14
Dust Pans,15
Dusters,16
Caddies,17
Microfiber Cloths,18
Floor & Carpet Care,24
Carpet Bonnets,25
Sweepers,26
Vacuum  Accessories,27
Vacuums,28
Laundry Products,29
Hamper & Laundry Bags,30
Mops & Equipment,31
Buckets & Wringers,32
Finish Mops & Applicators,33
Floor Dusters & Accessories,34
Mop Handles,35
Mop Heads,36
Mops,37
Odor Control,38
Personal Hygiene Products,39
Feminine Care Dispenser Liners,40
Feminine Care Dispensers & Receptacles,41
Restroom Cleaners & Accessories,42
Storage Containers,43
Beverages & Beverage Dispensers,44
Beverage Dispensers,45
Breakroom Supplies,46
Condiment Organizers,47
Decanters & Pitchers,48
High Chairs,49
Ingredient Bins,50
Kitchen Supplies,51
Cold & Hot Food Pans,52
Cooking & Serving Utensils,53
Food Storage Containers & Lids,54
Ice Containers,55
Measuring Cups ,56
Racks & Carts,57
Scoops,58
Towels & Wipes,59
Pizza Supplies,60
Warewashing,61
Bus & Utility Boxes & Covers,62
"Dish, Flatware, Glass Racks & Dollies",63
Audio-Visual Carts,64
Cart Accessories,65
Cube Trucks,66
Housekeeping Carts,67
Janitor Carts,68
Platform Trucks,69
Service Carts ,70
Tilt Trucks,71
Tractor & Big Wheel Carts,72
TradeMaster Carts,73
Triple Trolley Carts,74
Utility Carts,75
Baby Changing Stations,76
Matting,77
Indoor 39,78
Safety Signs,79
Pads,80
Dollies,81
Indoor Waste Receptacles,82
Brute Containers,83
Confidential Document Containers,84
Medical Waste ,85
Metal Receptacles,86
Slim Jim Containers,87
Step-on Containers,88
Waste Receptacles,89
Wastebaskets,90
Labels,91
Outdoor Waste Receptacles,92
Brute Containers,93
Landmark,94
Livestock Tanks,95
Metal Receptacles,96
Plaza Containers,97
Ranger Containers,98
Waste Receptacles,99
Recycling Containers,100
Rigid Liners,101
Smoking Receptacles,102
Trash Bags,103
Can Liners,104
Waste Receptacle Accessories,105
Waste Receptacles Lids,106
"Microfiber Mops, Pads & Handles",107
Accessories,108
Pizza Supplies,111
Storage Sheds,113
